{"parts":{"LeftBlush":{"enable":true,"frameCount":10,"height":319,"position":{"positionX":[{"index":4,"x":112.45,"y":163.53},{"index":82,"x":290.91,"y":174.26}],"positionY":[]},"positionRelationType":1,"positionType":1,"rotateCenter":[{"index":46,"x":362.70,"y":152.48}],"scale":{"scaleX":{"pointA":[{"index":74,"x":250.56,"y":40.99}],"pointB":[{"index":77,"x":472.15,"y":40.56}]},"scaleY":{"pointA":[],"pointB":[]}},"triggerDelay":0,"triggerLoop":0,"triggerStop":false,"triggerType":0,"width":323,"zPosition":2},"RightBlush":{"enable":true,"frameCount":10,"height":258,"position":{"positionX":[{"index":83,"x":27.10,"y":152.19},{"index":28,"x":189.30,"y":139.39}],"positionY":[]},"positionRelationType":1,"positionType":1,"rotateCenter":[{"index":46,"x":-39,"y":132.10}],"scale":{"scaleX":{"pointA":[{"index":74,"x":-143.5,"y":28.20}],"pointB":[{"index":77,"x":63,"y":27.79}]},"scaleY":{"pointA":[],"pointB":[]}},"triggerDelay":0,"triggerLoop":0,"triggerStop":false,"triggerType":0,"width":284,"zPosition":1},"Star":{"enable":true,"frameCount":10,"height":235,"position":{"positionX":[{"index":45,"x":215.89,"y":96.19}],"positionY":[]},"positionRelationType":1,"positionType":1,"rotateCenter":[{"index":46,"x":216,"y":133.10}],"scale":{"scaleX":{"pointA":[{"index":74,"x":111.5,"y":29.20}],"pointB":[{"index":77,"x":318,"y":28.79}]},"scaleY":{"pointA":[],"pointB":[]}},"triggerDelay":0,"triggerLoop":0,"triggerStop":false,"triggerType":0,"width":430,"zPosition":0}},"stickerType":"2D","version":"1.1"}